-- phpMyAdmin SQL Dump
-- version 4.6.6deb5
-- https://www.phpmyadmin.net/
--
-- Host: localhost:3306
-- Generation Time: Jul 08, 2018 at 04:18 PM
-- Server version: 5.7.22-0ubuntu18.04.1
-- PHP Version: 7.2.7-0ubuntu0.18.04.2

SET SQL_MODE = "NO_AUTO_VALUE_ON_ZERO";
SET time_zone = "+00:00";


/*!40101 SET @OLD_CHARACTER_SET_CLIENT=@@CHARACTER_SET_CLIENT */;
/*!40101 SET @OLD_CHARACTER_SET_RESULTS=@@CHARACTER_SET_RESULTS */;
/*!40101 SET @OLD_COLLATION_CONNECTION=@@COLLATION_CONNECTION */;
/*!40101 SET NAMES utf8mb4 */;

--
-- Database: `technical_assignment`
--

-- --------------------------------------------------------

--
-- Table structure for table `advertisement_media`
--

CREATE TABLE `advertisement_media` (
  `id` int(25) NOT NULL,
  `name` varchar(37) NOT NULL
) ENGINE=InnoDB DEFAULT CHARSET=latin1;

--
-- Dumping data for table `advertisement_media`
--

INSERT INTO `advertisement_media` (`id`, `name`) VALUES
(1, 'TV'),
(2, 'Print'),
(3, 'Radio'),
(4, 'Digital'),
(5, 'OOH'),
(6, 'BTL');

-- --------------------------------------------------------

--
-- Table structure for table `categories`
--

CREATE TABLE `categories` (
  `id` int(11) NOT NULL,
  `name` varchar(37) NOT NULL,
  `parentid` int(11) DEFAULT NULL
) ENGINE=InnoDB DEFAULT CHARSET=latin1;

--
-- Dumping data for table `categories`
--

INSERT INTO `categories` (`id`, `name`, `parentid`) VALUES
(1, 'Health', NULL),
(2, 'Hygiene', NULL),
(3, 'Moov', 1),
(4, 'Durex', 1),
(5, 'Harpic', 2),
(6, 'Dettol', 2),
(7, 'Moov Cream', 3),
(8, 'Moov Ortho', 3),
(9, 'Moov Spray', 3),
(10, 'Durex', 4),
(11, 'Durex Play', 4),
(12, 'Kohinoor', 4),
(13, 'Harpic Hygienic (ITC)', 5),
(14, 'Harpic Liquid', 5),
(15, 'Harpic Bathroom Cleaner', 5),
(16, 'Dettol Aloe', 6),
(17, 'Dettol Cool Soap', 6),
(18, 'Dettol Deep Clean', 6);

-- --------------------------------------------------------

--
-- Table structure for table `data`
--

CREATE TABLE `data` (
  `id` int(25) NOT NULL,
  `value` int(25) NOT NULL,
  `categories` varchar(100) NOT NULL,
  `advertisement_media` varchar(100) NOT NULL,
  `timestamp` datetime NOT NULL
) ENGINE=InnoDB DEFAULT CHARSET=latin1;

--
-- Dumping data for table `data`
--

INSERT INTO `data` (`id`, `value`, `categories`, `advertisement_media`, `timestamp`) VALUES
(1, 112, '7', '1', '2018-01-18 21:56:29'),
(2, 120, '7', '2', '2018-01-18 21:56:29'),
(3, 12, '7', '3', '2018-01-18 21:56:29'),
(4, 1, '7', '4', '2018-01-18 21:56:29'),
(5, 1200, '7', '5', '2018-01-18 21:56:29'),
(6, 1200, '7', '6', '2018-01-18 21:56:29'),
(7, 908000, '8', '1', '2018-01-18 21:56:29'),
(8, 124, '8', '2', '2018-01-18 21:56:29'),
(9, 11, '8', '3', '2018-01-18 21:56:29'),
(10, 12345, '8', '4', '2018-01-18 21:56:29'),
(11, 111, '8', '5', '2018-01-18 21:56:29'),
(12, 111, '8', '6', '2018-01-18 21:56:29'),
(13, 1200, '9', '1', '2018-01-18 21:56:29'),
(14, 1200, '9', '2', '2018-01-18 21:56:29'),
(15, 1200, '9', '3', '2018-01-18 21:56:29'),
(16, 9086, '9', '4', '2018-01-18 21:56:29'),
(17, 124, '9', '5', '2018-01-18 21:56:29'),
(18, 111, '9', '6', '2018-01-18 21:56:29'),
(19, 120, '10', '1', '2018-01-18 21:56:29'),
(20, 1200, '10', '2', '2018-01-18 21:56:29'),
(21, 1200, '10', '3', '2018-01-18 21:56:29'),
(22, 1200, '10', '4', '2018-01-18 21:56:29'),
(23, 1200, '10', '5', '2018-01-18 21:56:29'),
(24, 1200, '10', '6', '2018-01-18 21:56:29'),
(25, 9086, '11', '1', '2018-01-18 21:56:29'),
(26, 124, '11', '2', '2018-01-18 21:56:29'),
(27, 111, '11', '3', '2018-01-18 21:56:29'),
(28, 12345, '11', '4', '2018-01-18 21:56:29'),
(29, 111, '11', '5', '2018-01-18 21:56:29'),
(30, 111, '11', '6', '2018-01-18 21:56:29'),
(31, 1200, '12', '1', '2018-01-18 21:56:29'),
(32, 1200, '12', '2', '2018-01-18 21:56:29'),
(33, 1200, '12', '3', '2018-01-18 21:56:29'),
(34, 12345, '12', '4', '2018-01-18 21:56:29'),
(35, 111, '12', '5', '2018-01-18 21:56:29'),
(36, 111, '12', '6', '2018-01-18 21:56:29'),
(37, 1200, '13', '1', '2018-01-18 21:56:29'),
(38, 1200, '13', '2', '2018-01-18 21:56:29'),
(39, 1200, '13', '3', '2018-01-18 21:56:29'),
(40, 1200, '13', '4', '2018-01-18 21:56:29'),
(41, 1200, '13', '5', '2018-01-18 21:56:29'),
(42, 1200, '13', '6', '2018-01-18 21:56:29'),
(43, 9086, '14', '1', '2018-01-18 21:56:29'),
(44, 124, '14', '2', '2018-01-18 21:56:29'),
(45, 111, '14', '3', '2018-01-18 21:56:29'),
(46, 12345, '14', '4', '2018-01-18 21:56:29'),
(47, 111, '14', '5', '2018-01-18 21:56:29'),
(48, 111, '14', '6', '2018-01-18 21:56:29'),
(49, 1200, '15', '1', '2018-01-18 21:56:29'),
(50, 1200, '15', '2', '2018-01-18 21:56:29'),
(51, 1200, '15', '3', '2018-01-18 21:56:29'),
(52, 9086, '15', '4', '2018-01-18 21:56:29'),
(53, 124, '15', '5', '2018-01-18 21:56:29'),
(54, 111, '15', '6', '2018-01-18 21:56:29'),
(55, 1200, '16', '1', '2018-01-18 21:56:29'),
(56, 1200, '16', '2', '2018-01-18 21:56:29'),
(57, 1200, '16', '3', '2018-01-18 21:56:29'),
(58, 1200, '16', '4', '2018-01-18 21:56:29'),
(59, 1200, '16', '5', '2018-01-18 21:56:29'),
(60, 1200, '16', '6', '2018-01-18 21:56:29'),
(61, 9086, '17', '1', '2018-01-18 21:56:29'),
(62, 111, '17', '2', '2018-01-18 21:56:29'),
(63, 124, '17', '3', '2018-01-18 21:56:29'),
(64, 12345, '17', '4', '2018-01-18 21:56:29'),
(65, 111, '17', '5', '2018-01-18 21:56:29'),
(66, 111, '17', '6', '2018-01-18 21:56:29'),
(67, 1200, '18', '1', '2018-01-18 21:56:29'),
(68, 1200, '18', '2', '2018-01-18 21:56:29'),
(69, 1200, '18', '3', '2018-01-18 21:56:29'),
(70, 9086, '18', '4', '2018-01-18 21:56:29'),
(71, 124, '18', '5', '2018-01-18 21:56:29'),
(72, 111, '18', '6', '2018-01-18 21:56:29'),
(73, 1200, '7', '1', '2018-01-19 21:56:29'),
(74, 12, '7', '2', '2018-01-19 21:56:29'),
(75, 1200, '7', '3', '2018-01-19 21:56:29'),
(76, 1200, '7', '4', '2018-01-19 21:56:29'),
(77, 1200, '7', '5', '2018-01-19 21:56:29'),
(78, 1200, '7', '6', '2018-01-19 21:56:29'),
(79, 9086, '8', '1', '2018-01-19 21:56:29'),
(80, 124, '8', '2', '2018-01-19 21:56:29'),
(81, 111, '8', '3', '2018-01-19 21:56:29'),
(82, 12345, '8', '4', '2018-01-19 21:56:29'),
(83, 111, '8', '5', '2018-01-19 21:56:29'),
(84, 111, '8', '6', '2018-01-19 21:56:29'),
(85, 1200, '9', '1', '2018-01-19 21:56:29'),
(86, 1200, '9', '2', '2018-01-19 21:56:29'),
(87, 1200, '9', '3', '2018-01-19 21:56:29'),
(88, 9086, '9', '4', '2018-01-19 21:56:29'),
(89, 124, '9', '5', '2018-01-19 21:56:29'),
(90, 111, '9', '6', '2018-01-19 21:56:29'),
(91, 1200, '10', '1', '2018-01-19 21:56:29'),
(92, 1200, '10', '2', '2018-01-19 21:56:29'),
(93, 1200, '10', '3', '2018-01-19 21:56:29'),
(94, 1200, '10', '4', '2018-01-19 21:56:29'),
(95, 1200, '10', '5', '2018-01-19 21:56:29'),
(96, 1200, '10', '6', '2018-01-19 21:56:29'),
(97, 9086, '11', '1', '2018-01-19 21:56:29'),
(98, 124, '11', '2', '2018-01-19 21:56:29'),
(99, 111, '11', '3', '2018-01-19 21:56:29'),
(100, 12345, '11', '4', '2018-01-19 21:56:29'),
(101, 111, '11', '5', '2018-01-19 21:56:29'),
(102, 111, '11', '6', '2018-01-19 21:56:29'),
(103, 1200, '12', '1', '2018-01-19 21:56:29'),
(104, 1200, '12', '2', '2018-01-19 21:56:29'),
(105, 1200, '12', '3', '2018-01-19 21:56:29'),
(106, 12345, '12', '4', '2018-01-19 21:56:29'),
(107, 111, '12', '5', '2018-01-19 21:56:29'),
(108, 111, '12', '6', '2018-01-19 21:56:29'),
(109, 1200, '13', '1', '2018-01-19 21:56:29'),
(110, 1200, '13', '2', '2018-01-19 21:56:29'),
(111, 1200, '13', '3', '2018-01-19 21:56:29'),
(112, 1200, '13', '4', '2018-01-19 21:56:29'),
(113, 1200, '13', '5', '2018-01-19 21:56:29'),
(114, 1200, '13', '6', '2018-01-19 21:56:29'),
(115, 9086, '14', '1', '2018-01-19 21:56:29'),
(116, 124, '14', '2', '2018-01-19 21:56:29'),
(117, 111, '14', '3', '2018-01-19 21:56:29'),
(118, 12345, '14', '4', '2018-01-19 21:56:29'),
(119, 111, '14', '5', '2018-01-19 21:56:29'),
(120, 111, '14', '6', '2018-01-19 21:56:29'),
(121, 1200, '15', '1', '2018-01-19 21:56:29'),
(122, 1200, '15', '2', '2018-01-19 21:56:29'),
(123, 1200, '15', '3', '2018-01-19 21:56:29'),
(124, 9086, '15', '4', '2018-01-19 21:56:29'),
(125, 124, '15', '5', '2018-01-19 21:56:29'),
(126, 111, '15', '6', '2018-01-19 21:56:29'),
(127, 1200, '16', '1', '2018-01-19 21:56:29'),
(128, 1200, '16', '2', '2018-01-19 21:56:29'),
(129, 1200, '16', '3', '2018-01-19 21:56:29'),
(130, 1200, '16', '4', '2018-01-19 21:56:29'),
(131, 1200, '16', '5', '2018-01-19 21:56:29'),
(132, 1200, '16', '6', '2018-01-19 21:56:29'),
(133, 9086, '17', '1', '2018-01-19 21:56:29'),
(134, 111, '17', '2', '2018-01-19 21:56:29'),
(135, 124, '17', '3', '2018-01-19 21:56:29'),
(136, 12345, '17', '4', '2018-01-19 21:56:29'),
(137, 111, '17', '5', '2018-01-19 21:56:29'),
(138, 111, '17', '6', '2018-01-19 21:56:29'),
(139, 1200, '18', '1', '2018-01-19 21:56:29'),
(140, 1200, '18', '2', '2018-01-19 21:56:29'),
(141, 1200, '18', '3', '2018-01-19 21:56:29'),
(142, 9086, '18', '4', '2018-01-19 21:56:29'),
(143, 124, '18', '5', '2018-01-19 21:56:29'),
(144, 111, '18', '6', '2018-01-19 21:56:29');

-- --------------------------------------------------------

--
-- Table structure for table `data_version`
--

CREATE TABLE `data_version` (
  `id` int(25) NOT NULL,
  `value` varchar(100) NOT NULL,
  `data_id` int(100) NOT NULL,
  `timestamp` timestamp NOT NULL DEFAULT CURRENT_TIMESTAMP ON UPDATE CURRENT_TIMESTAMP
) ENGINE=InnoDB DEFAULT CHARSET=latin1;

--
-- Dumping data for table `data_version`
--

INSERT INTO `data_version` (`id`, `value`, `data_id`, `timestamp`) VALUES
(1, '120', 1, '2018-07-08 09:44:30'),
(2, '908', 7, '2018-07-08 09:46:58'),
(3, '1200', 19, '2018-07-08 09:47:44'),
(4, '90', 7, '2018-07-08 09:46:58'),
(5, '12000', 1, '2018-07-08 09:56:14'),
(6, '120', 1, '2018-07-08 10:10:34'),
(7, '1200', 2, '2018-07-08 10:14:41'),
(8, '9080', 7, '2018-07-08 10:24:57'),
(9, '111', 9, '2018-07-08 10:25:23'),
(10, '908', 7, '2018-07-08 10:25:58'),
(11, '90800', 7, '2018-07-08 10:26:38'),
(12, '1200', 2, '2018-07-08 10:28:16'),
(13, '120', 1, '2018-07-08 10:32:52');

--
-- Indexes for dumped tables
--

--
-- Indexes for table `advertisement_media`
--
ALTER TABLE `advertisement_media`
  ADD PRIMARY KEY (`id`);

--
-- Indexes for table `categories`
--
ALTER TABLE `categories`
  ADD PRIMARY KEY (`id`),
  ADD KEY `parentid_fk` (`parentid`);

--
-- Indexes for table `data`
--
ALTER TABLE `data`
  ADD PRIMARY KEY (`id`);

--
-- Indexes for table `data_version`
--
ALTER TABLE `data_version`
  ADD PRIMARY KEY (`id`);

--
-- AUTO_INCREMENT for dumped tables
--

--
-- AUTO_INCREMENT for table `data`
--
ALTER TABLE `data`
  MODIFY `id` int(25) NOT NULL AUTO_INCREMENT, AUTO_INCREMENT=156;
--
-- AUTO_INCREMENT for table `data_version`
--
ALTER TABLE `data_version`
  MODIFY `id` int(25) NOT NULL AUTO_INCREMENT, AUTO_INCREMENT=14;
--
-- Constraints for dumped tables
--

--
-- Constraints for table `categories`
--
ALTER TABLE `categories`
  ADD CONSTRAINT `categories_ibfk_1` FOREIGN KEY (`parentid`) REFERENCES `categories` (`id`);

/*!40101 SET CHARACTER_SET_CLIENT=@OLD_CHARACTER_SET_CLIENT */;
/*!40101 SET CHARACTER_SET_RESULTS=@OLD_CHARACTER_SET_RESULTS */;
/*!40101 SET COLLATION_CONNECTION=@OLD_COLLATION_CONNECTION */;
